{"stats":{"minecraft:used":{"minecraft:polished_andesite":32,"minecraft:smooth_quartz_stairs":4,"minecraft:packed_ice":14,"minecraft:sea_lantern":20,"minecraft:quartz_pillar":66,"minecraft:light_blue_concrete":34,"minecraft:quartz_slab":29},"minecraft:picked_up":{"minecraft:ladder":1},"minecraft:custom":{"minecraft:jump":60,"minecraft:time_since_rest":35907,"minecraft:damage_dealt":18,"minecraft:crouch_one_cm":315,"minecraft:leave_game":1,"minecraft:sprint_one_cm":1196,"minecraft:play_time":35907,"minecraft:time_since_death":35907,"minecraft:walk_one_cm":18445,"minecraft:sneak_time":496,"minecraft:climb_one_cm":532,"minecraft:total_world_time":35907,"minecraft:fall_one_cm":267,"minecraft:fly_one_cm":131990}},"DataVersion":3117}