{"stats":{"minecraft:killed_by":{"minecraft:player":2,"minecraft:stray":1,"minecraft:ravager":7,"minecraft:skeleton":1},"minecraft:picked_up":{"minecraft:wooden_axe":2,"minecraft:music_disc_5":1,"minecraft:chicken":1,"minecraft:ladder":4,"minecraft:anvil":22,"minecraft:packed_ice":2,"minecraft:brown_mushroom":3,"minecraft:lead":2,"minecraft:stone_brick_stairs":2,"minecraft:acacia_button":698,"minecraft:heavy_weighted_pressure_plate":2,"minecraft:polished_deepslate":1,"minecraft:flint_and_steel":2,"minecraft:netherite_ingot":2,"minecraft:mycelium":1,"minecraft:oak_sign":2,"minecraft:tipped_arrow":1,"minecraft:music_disc_otherside":1,"minecraft:redstone_torch":3,"minecraft:calcite":3,"minecraft:coal_block":1,"minecraft:deepslate_iron_ore":2,"minecraft:egg":1,"minecraft:stone":2,"minecraft:oak_door":1,"minecraft:oak_fence":1,"minecraft:torch":12,"minecraft:porkchop":1,"minecraft:target":1,"minecraft:stone_button":2,"minecraft:carrot":1,"minecraft:redstone":36,"minecraft:mushroom_stem":3,"minecraft:goat_horn":2,"minecraft:stone_pressure_plate":18,"minecraft:stone_sword":5,"minecraft:rotten_flesh":21,"minecraft:repeating_command_block":3,"minecraft:arrow":125,"minecraft:command_block":10,"minecraft:hay_block":2,"minecraft:saddle":14,"minecraft:bone_block":1,"minecraft:cooked_beef":319,"minecraft:barrier":2,"minecraft:feather":2,"minecraft:dark_oak_button":3,"minecraft:repeater":76,"minecraft:iron_door":5,"minecraft:tuff":1,"minecraft:cyan_concrete_powder":2,"minecraft:dirt":4,"minecraft:lantern":15,"minecraft:name_tag":2,"minecraft:bone":127,"minecraft:reinforced_deepslate":1,"minecraft:red_sandstone":1,"minecraft:wheat_seeds":1,"minecraft:iron_ingot":1,"minecraft:cobweb":2,"minecraft:iron_ore":1,"minecraft:moss_block":1,"minecraft:black_candle":5,"minecraft:milk_bucket":2,"minecraft:chiseled_stone_bricks":7,"minecraft:soul_torch":2,"minecraft:grass_block":5,"minecraft:netherite_block":1,"minecraft:dried_kelp_block":1,"minecraft:deepslate":1,"minecraft:slime_block":2,"minecraft:black_concrete":2,"minecraft:diamond_axe":1,"minecraft:birch_sign":4,"minecraft:white_concrete":2,"minecraft:damaged_anvil":1},"minecraft:dropped":{"minecraft:iron_ingot":1,"minecraft:porkchop":1,"minecraft:diamond_axe":2,"minecraft:cooked_beef":931,"minecraft:deepslate_iron_ore":1,"minecraft:oak_fence":1,"minecraft:lead":1,"minecraft:command_block":3,"minecraft:saddle":9,"minecraft:music_disc_pigstep":1,"minecraft:bedrock":1,"minecraft:grass_block":3,"minecraft:dried_kelp_block":1,"minecraft:red_shulker_box":1,"minecraft:dirt":4,"minecraft:bee_spawn_egg":1,"minecraft:packed_ice":1,"minecraft:tadpole_spawn_egg":1,"minecraft:iron_door":5,"minecraft:bone":9,"minecraft:redstone":26,"minecraft:polished_deepslate":1,"minecraft:goat_horn":2,"minecraft:stone_sword":15,"minecraft:netherite_ingot":1,"minecraft:music_disc_otherside":1,"minecraft:tuff":1,"minecraft:chicken":1,"minecraft:rotten_flesh":16,"minecraft:damaged_anvil":2,"minecraft:name_tag":3,"minecraft:flint_and_steel":1,"minecraft:target":2,"minecraft:stone":1,"minecraft:reinforced_deepslate":1,"minecraft:andesite":1,"minecraft:stone_pressure_plate":1,"minecraft:arrow":8,"minecraft:cyan_concrete_powder":1,"minecraft:egg":1},"minecraft:custom":{"minecraft:inspect_dropper":1,"minecraft:mob_kills":95,"minecraft:interact_with_anvil":4,"minecraft:interact_with_crafting_table":1,"minecraft:open_shulker_box":42,"minecraft:leave_game":24,"minecraft:time_since_death":24965,"minecraft:climb_one_cm":78655,"minecraft:sprint_one_cm":2042659,"minecraft:walk_one_cm":3082961,"minecraft:drop":336,"minecraft:damage_dealt_absorbed":53,"minecraft:talked_to_villager":2,"minecraft:play_time":1813319,"minecraft:deaths":63,"minecraft:sneak_time":42182,"minecraft:jump":22971,"minecraft:walk_on_water_one_cm":1367,"minecraft:total_world_time":1813319,"minecraft:interact_with_furnace":3,"minecraft:play_record":3,"minecraft:time_since_rest":24968,"minecraft:damage_taken":34239,"minecraft:damage_absorbed":9330,"minecraft:damage_dealt":16949,"minecraft:interact_with_beacon":4,"minecraft:fly_one_cm":11748244,"minecraft:player_kills":3,"minecraft:open_chest":19,"minecraft:pig_one_cm":77052,"minecraft:crouch_one_cm":122318,"minecraft:aviate_one_cm":196591,"minecraft:fall_one_cm":507064},"minecraft:killed":{"minecraft:skeleton":13,"minecraft:warden":1,"minecraft:husk":19,"minecraft:pig":4,"minecraft:ravager":19,"minecraft:zombie":17,"minecraft:stray":14},"minecraft:used":{"minecraft:oak_fence":1,"minecraft:moss_block":331,"minecraft:orange_concrete_powder":1,"minecraft:stone_sword":281,"minecraft:polished_deepslate":123,"minecraft:red_sand":282,"minecraft:music_disc_otherside":1,"minecraft:flint_and_steel":64,"minecraft:cracked_deepslate_bricks":163,"minecraft:tadpole_spawn_egg":2,"minecraft:red_concrete":118,"minecraft:polished_blackstone":2,"minecraft:redstone":53,"minecraft:ladder":20,"minecraft:bone_block":98,"minecraft:oak_sign":1,"minecraft:mycelium":10,"minecraft:chest":9,"minecraft:tinted_glass":89,"minecraft:music_disc_5":1,"minecraft:stone":150,"minecraft:sculk":224,"minecraft:soul_campfire":51,"minecraft:netherrack":614,"minecraft:dried_kelp_block":2,"minecraft:bee_spawn_egg":1,"minecraft:white_candle":10,"minecraft:torch":32,"minecraft:oxidized_cut_copper":17,"minecraft:soul_sand":2,"minecraft:dirt":15,"minecraft:anvil":2,"minecraft:target":2,"minecraft:carrot":1,"minecraft:prismarine_bricks":237,"minecraft:nether_bricks":1,"minecraft:crimson_hyphae":3407,"minecraft:cracked_deepslate_tiles":553,"minecraft:raw_iron_block":3,"minecraft:red_shulker_box":3,"minecraft:glow_lichen":25,"minecraft:spruce_fence":4,"minecraft:tuff":2,"minecraft:allay_spawn_egg":3,"minecraft:granite":7,"minecraft:cyan_wool":7,"minecraft:light_blue_stained_glass":1,"minecraft:obsidian":41,"minecraft:warped_hyphae":29,"minecraft:packed_ice":14,"minecraft:milk_bucket":1,"minecraft:polished_diorite":1,"minecraft:shroomlight":312,"minecraft:quartz_slab":559,"minecraft:grass_block":69,"minecraft:coal_ore":1,"minecraft:chipped_anvil":2,"minecraft:flowering_azalea":2,"minecraft:frog_spawn_egg":1,"minecraft:glass":14,"minecraft:sea_lantern":63,"minecraft:cyan_terracotta":202,"minecraft:lava_bucket":2,"minecraft:mangrove_log":35,"minecraft:bookshelf":260,"minecraft:light_gray_stained_glass":103,"minecraft:quartz_pillar":513,"minecraft:music_disc_pigstep":1,"minecraft:iron_block":114,"minecraft:red_wool":42,"minecraft:light_weighted_pressure_plate":1,"minecraft:lantern":59,"minecraft:rooted_dirt":4,"minecraft:birch_sapling":4,"minecraft:slime_block":21,"minecraft:warped_fence":1,"minecraft:quartz_block":442,"minecraft:crimson_slab":83,"minecraft:red_candle":101,"minecraft:gray_concrete_powder":1,"minecraft:smooth_quartz":158,"minecraft:raw_gold_block":2,"minecraft:dark_oak_button":4,"minecraft:glowstone":201,"minecraft:yellow_concrete_powder":2,"minecraft:bedrock":1,"minecraft:light_gray_wool":1,"minecraft:reinforced_deepslate":4,"minecraft:deepslate_diamond_ore":15,"minecraft:repeater":52,"minecraft:red_nether_brick_wall":48,"minecraft:raw_copper_block":1,"minecraft:black_stained_glass":77,"minecraft:gray_glazed_terracotta":46,"minecraft:mangrove_roots":1,"minecraft:furnace":7,"minecraft:podzol":1,"minecraft:cyan_concrete_powder":15,"minecraft:cooked_beef":34,"minecraft:horn_coral_block":1,"minecraft:stone_pressure_plate":25,"minecraft:pink_concrete_powder":1,"minecraft:pearlescent_froglight":55,"minecraft:brown_concrete_powder":1,"minecraft:zoglin_spawn_egg":1,"minecraft:brain_coral_block":1,"minecraft:mangrove_leaves":11,"minecraft:calcite":951,"minecraft:quartz_bricks":101,"minecraft:damaged_anvil":3,"minecraft:water_bucket":11,"minecraft:iron_ore":57,"minecraft:diorite":2,"minecraft:end_rod":21,"minecraft:tube_coral_block":10,"minecraft:amethyst_block":91,"minecraft:light_blue_glazed_terracotta":69,"minecraft:prismarine_brick_slab":20,"minecraft:cut_copper_slab":5,"minecraft:birch_leaves":5,"minecraft:red_stained_glass":27,"minecraft:lead":1,"minecraft:polished_andesite":2,"minecraft:prismarine":1,"minecraft:blue_wool":8,"minecraft:waxed_oxidized_cut_copper":1,"minecraft:birch_wood":63,"minecraft:blackstone":1,"minecraft:lime_concrete_powder":1,"minecraft:fox_spawn_egg":1,"minecraft:redstone_block":15,"minecraft:brown_mushroom":2,"minecraft:black_glazed_terracotta":66,"minecraft:blue_concrete_powder":1,"minecraft:diamond_axe":4,"minecraft:beacon":2,"minecraft:red_glazed_terracotta":120,"minecraft:smooth_quartz_stairs":313,"minecraft:polished_blackstone_bricks":1,"minecraft:gilded_blackstone":1,"minecraft:white_wool":1,"minecraft:mossy_cobblestone":12,"minecraft:diamond_block":291,"minecraft:cyan_glazed_terracotta":41,"minecraft:vine":11,"minecraft:light_blue_concrete":118,"minecraft:crafting_table":1,"minecraft:red_mushroom":2,"minecraft:light_blue_wool":115,"minecraft:birch_sign":40,"minecraft:smooth_red_sandstone":89,"minecraft:ochre_froglight":34,"minecraft:end_stone":6,"minecraft:mushroom_stem":208,"minecraft:purple_concrete_powder":1,"minecraft:cyan_stained_glass":1,"minecraft:redstone_torch":31,"minecraft:birch_fence":8,"minecraft:deepslate_tiles":218,"minecraft:mud":5,"minecraft:gray_terracotta":2,"minecraft:dark_prismarine":1,"minecraft:lever":7,"minecraft:black_wool":88,"minecraft:black_concrete":139,"minecraft:firework_rocket":70,"minecraft:crying_obsidian":220,"minecraft:light_gray_concrete":87,"minecraft:heavy_weighted_pressure_plate":7,"minecraft:deepslate_iron_ore":20,"minecraft:mangrove_propagule":5,"minecraft:barrier":12,"minecraft:verdant_froglight":1023,"minecraft:red_terracotta":686,"minecraft:magenta_concrete_powder":1,"minecraft:diamond_ore":9,"minecraft:iron_door":23,"minecraft:deepslate":61,"minecraft:gravel":35,"minecraft:budding_amethyst":2,"minecraft:crimson_nylium":16,"minecraft:yellow_wool":2,"minecraft:soul_lantern":13,"minecraft:stripped_warped_hyphae":3,"minecraft:chiseled_stone_bricks":238,"minecraft:coal_block":127,"minecraft:fire_coral_block":1,"minecraft:potion":6,"minecraft:light_blue_concrete_powder":38,"minecraft:red_concrete_powder":2,"minecraft:white_stained_glass":250,"minecraft:andesite":118,"minecraft:deepslate_coal_ore":44,"minecraft:black_candle":100,"minecraft:white_concrete":270,"minecraft:coarse_dirt":47,"minecraft:sculk_vein":35,"minecraft:bone_meal":30,"minecraft:smooth_stone":2,"minecraft:jukebox":1,"minecraft:cobweb":106,"minecraft:soul_torch":8,"minecraft:green_stained_glass":24}},"DataVersion":3117}