{"stats":{"minecraft:used":{"minecraft:moss_block":140,"minecraft:jack_o_lantern":18,"minecraft:red_sand":83,"minecraft:polished_deepslate":324,"minecraft:ladder":133,"minecraft:bone_block":194,"minecraft:poppy":3,"minecraft:oak_sign":64,"minecraft:black_carpet":2,"minecraft:chest":162,"minecraft:stone":25,"minecraft:purple_shulker_box":11,"minecraft:quartz_stairs":105,"minecraft:chiseled_red_sandstone":2,"minecraft:soul_sand":25,"minecraft:blue_stained_glass":34,"minecraft:cracked_deepslate_tiles":57,"minecraft:cyan_wool":3,"minecraft:milk_bucket":4,"minecraft:obsidian":36,"minecraft:warden_spawn_egg":23,"minecraft:big_dripleaf":148,"minecraft:glass":51,"minecraft:honey_block":4,"minecraft:cyan_terracotta":135,"minecraft:lava_bucket":469,"minecraft:villager_spawn_egg":5,"minecraft:quartz_pillar":114,"minecraft:quartz_slab":735,"minecraft:red_wool":71,"minecraft:grass_block":290,"minecraft:lantern":22,"minecraft:quartz_block":644,"minecraft:green_wool":4,"minecraft:raw_gold_block":114,"minecraft:dark_oak_button":16,"minecraft:diorite_wall":16,"minecraft:stone_brick_stairs":8,"minecraft:item_frame":9,"minecraft:repeater":931,"minecraft:bedrock":6,"minecraft:birch_button":4,"minecraft:reinforced_deepslate":22,"minecraft:redstone_lamp":18,"minecraft:red_nether_brick_wall":88,"minecraft:bow":48,"minecraft:hay_block":43,"minecraft:yellow_glazed_terracotta":11,"minecraft:acacia_fence":9,"minecraft:gold_block":137,"minecraft:pearlescent_froglight":116,"minecraft:light_blue_carpet":2,"minecraft:damaged_anvil":26,"minecraft:diorite":9,"minecraft:end_stone_bricks":715,"minecraft:end_rod":82,"minecraft:dropper":6,"minecraft:birch_leaves":1,"minecraft:red_stained_glass":29,"minecraft:stone_pickaxe":18,"minecraft:jungle_fence":1,"minecraft:mangrove_planks":8,"minecraft:birch_wood":7,"minecraft:wooden_pickaxe":15,"minecraft:sandstone":25,"minecraft:redstone_block":13,"minecraft:black_glazed_terracotta":44,"minecraft:diamond_axe":20,"minecraft:clay":47,"minecraft:large_amethyst_bud":11,"minecraft:smooth_quartz_stairs":29,"minecraft:white_wool":34,"minecraft:sand":2,"minecraft:light_blue_concrete":2082,"minecraft:light_blue_wool":31,"minecraft:smooth_red_sandstone":579,"minecraft:yellow_concrete":317,"minecraft:sponge":6,"minecraft:oxidized_cut_copper_slab":5,"minecraft:ochre_froglight":1,"minecraft:stone_brick_wall":1,"minecraft:end_stone":3,"minecraft:redstone_torch":172,"minecraft:birch_fence":3,"minecraft:deepslate_tiles":2164,"minecraft:sticky_piston":232,"minecraft:black_terracotta":4,"minecraft:green_concrete":11,"minecraft:black_concrete":28,"minecraft:red_sandstone":2,"minecraft:crying_obsidian":86,"minecraft:light_gray_concrete":131,"minecraft:heavy_weighted_pressure_plate":174,"minecraft:deepslate_iron_ore":1,"minecraft:barrier":267,"minecraft:stone_button":45,"minecraft:verdant_froglight":331,"minecraft:red_terracotta":252,"minecraft:polished_granite":1,"minecraft:deepslate":37,"minecraft:iron_door":10,"minecraft:gravel":1,"minecraft:soul_lantern":3,"minecraft:stripped_warped_hyphae":1,"minecraft:coal_block":19,"minecraft:wooden_sword":11,"minecraft:light_blue_concrete_powder":18,"minecraft:medium_amethyst_bud":14,"minecraft:white_stained_glass":65,"minecraft:crimson_door":6,"minecraft:chain":64,"minecraft:ice":1,"minecraft:coarse_dirt":1,"minecraft:white_concrete":315,"minecraft:purple_wool":56,"minecraft:golden_pickaxe":2,"minecraft:cobweb":62,"minecraft:gray_stained_glass":101,"minecraft:oak_fence":29,"minecraft:oak_trapdoor":5,"minecraft:purpur_block":4,"minecraft:netherite_sword":10,"minecraft:iron_bars":96,"minecraft:flint_and_steel":33,"minecraft:red_concrete":343,"minecraft:redstone":2200,"minecraft:mycelium":3,"minecraft:silverfish_spawn_egg":2,"minecraft:tinted_glass":76,"minecraft:sculk":71,"minecraft:wooden_shovel":2,"minecraft:dried_kelp_block":4,"minecraft:netherrack":335,"minecraft:oak_door":1,"minecraft:torch":197,"minecraft:dirt":10,"minecraft:anvil":17,"minecraft:white_carpet":2,"minecraft:hopper":6,"minecraft:prismarine_bricks":2873,"minecraft:crimson_hyphae":1137,"minecraft:shulker_box":2,"minecraft:yellow_carpet":2,"minecraft:light_blue_stained_glass":3,"minecraft:polished_diorite":83,"minecraft:shroomlight":51,"minecraft:ravager_spawn_egg":1,"minecraft:sea_lantern":102,"minecraft:bookshelf":565,"minecraft:light_gray_stained_glass":30,"minecraft:yellow_stained_glass":71,"minecraft:iron_block":237,"minecraft:light_weighted_pressure_plate":2,"minecraft:slime_block":29,"minecraft:spawner":7,"minecraft:crimson_slab":36,"minecraft:smooth_quartz":637,"minecraft:mud_bricks":12,"minecraft:yellow_concrete_powder":61,"minecraft:light_gray_wool":3,"minecraft:glowstone":142,"minecraft:black_stained_glass":73,"minecraft:gray_glazed_terracotta":31,"minecraft:podzol":3,"minecraft:trapped_chest":8,"minecraft:horn_coral_block":8,"minecraft:stone_pressure_plate":159,"minecraft:cobbled_deepslate":528,"minecraft:red_dye":2,"minecraft:observer":3,"minecraft:mossy_stone_brick_wall":2,"minecraft:calcite":586,"minecraft:quartz_bricks":161,"minecraft:water_bucket":36,"minecraft:iron_ore":21,"minecraft:sandstone_stairs":5,"minecraft:polished_andesite":163,"minecraft:blue_wool":5,"minecraft:waxed_oxidized_cut_copper":72,"minecraft:brown_mushroom":2,"minecraft:beacon":77,"minecraft:glow_ink_sac":2,"minecraft:mossy_cobblestone":1,"minecraft:polished_blackstone_pressure_plate":1,"minecraft:diamond_block":234,"minecraft:comparator":90,"minecraft:tnt":22,"minecraft:crafting_table":2,"minecraft:birch_sign":70,"minecraft:painting":32,"minecraft:mangrove_sign":19,"minecraft:mushroom_stem":129,"minecraft:small_amethyst_bud":19,"minecraft:purple_stained_glass":2,"minecraft:amethyst_cluster":3,"minecraft:piston":11,"minecraft:black_wool":99,"minecraft:cornflower":2,"minecraft:command_block":1037,"minecraft:pig_spawn_egg":2,"minecraft:suspicious_stew":3,"minecraft:netherite_axe":16,"minecraft:stone_slab":4,"minecraft:crimson_nylium":64,"minecraft:yellow_wool":77,"minecraft:crimson_sign":14,"minecraft:chiseled_stone_bricks":1553,"minecraft:crimson_stairs":30,"minecraft:lapis_block":56,"minecraft:glass_pane":7,"minecraft:black_candle":10,"minecraft:repeating_command_block":7,"minecraft:wither_rose":1,"minecraft:husk_spawn_egg":27,"minecraft:sculk_catalyst":1,"minecraft:smooth_stone":63,"minecraft:splash_potion":77,"minecraft:soul_torch":195,"minecraft:green_stained_glass":38},"minecraft:mined":{"minecraft:iron_ore":18,"minecraft:brown_mushroom":2,"minecraft:chest":1,"minecraft:mushroom_stem":1,"minecraft:glass":5,"minecraft:moss_block":3,"minecraft:stone":15,"minecraft:diorite":2,"minecraft:redstone_torch":6},"minecraft:killed_by":{"minecraft:husk":1,"minecraft:player":2,"minecraft:warden":2,"minecraft:skeleton":3},"minecraft:broken":{"minecraft:stone_pickaxe":3,"minecraft:wooden_pickaxe":2,"minecraft:golden_pickaxe":1},"minecraft:crafted":{"minecraft:suspicious_stew":3},"minecraft:killed":{"minecraft:pig":5,"minecraft:creeper":3,"minecraft:trader_llama":2,"minecraft:zombie":1,"minecraft:cow":4,"minecraft:allay":3,"minecraft:husk":6,"minecraft:wandering_trader":1,"minecraft:frog":1},"minecraft:custom":{"minecraft:open_shulker_box":22,"minecraft:leave_game":42,"minecraft:time_since_death":2676,"minecraft:damage_resisted":840,"minecraft:sprint_one_cm":2452150,"minecraft:drop":689,"minecraft:play_time":3296621,"minecraft:deaths":62,"minecraft:jump":34245,"minecraft:walk_on_water_one_cm":11223,"minecraft:damage_dealt":5431,"minecraft:interact_with_beacon":14,"minecraft:player_kills":2,"minecraft:crouch_one_cm":308844,"minecraft:inspect_dropper":44,"minecraft:mob_kills":35,"minecraft:interact_with_anvil":18,"minecraft:inspect_hopper":26,"minecraft:climb_one_cm":70078,"minecraft:walk_one_cm":3111584,"minecraft:sneak_time":134757,"minecraft:walk_under_water_one_cm":2929,"minecraft:total_world_time":3296621,"minecraft:time_since_rest":2679,"minecraft:damage_taken":30849,"minecraft:damage_absorbed":64880,"minecraft:trigger_trapped_chest":8,"minecraft:fly_one_cm":28340424,"minecraft:open_chest":82,"minecraft:fall_one_cm":447355},"minecraft:dropped":{"minecraft:crimson_stem":1,"minecraft:crimson_nylium":2,"minecraft:clay":1,"minecraft:repeating_command_block":1,"minecraft:moss_block":5,"minecraft:brown_mushroom":3,"minecraft:porkchop":13,"minecraft:glow_ink_sac":2,"minecraft:red_sandstone":1,"minecraft:sandstone_stairs":1,"minecraft:warden_spawn_egg":2,"minecraft:lantern":4,"minecraft:oxidized_cut_copper_slab":1,"minecraft:dark_oak_button":1,"minecraft:red_wool":1,"minecraft:mangrove_planks":1,"minecraft:quartz_pillar":4,"minecraft:bedrock":2,"minecraft:raw_gold_block":1,"minecraft:red_mushroom":1,"minecraft:item_frame":1,"minecraft:gold_block":4,"minecraft:stripped_warped_hyphae":64,"minecraft:dirt":9,"minecraft:redstone_lamp":1,"minecraft:packed_ice":1,"minecraft:ice":64,"minecraft:polished_blackstone_pressure_plate":1,"minecraft:stone_button":9,"minecraft:husk_spawn_egg":1,"minecraft:cracked_deepslate_tiles":5,"minecraft:chain":4,"minecraft:wooden_sword":1,"minecraft:deepslate_coal_ore":1,"minecraft:bone_block":2,"minecraft:sand":1,"minecraft:verdant_froglight":2,"minecraft:black_concrete":2,"minecraft:black_stained_glass":2,"minecraft:white_wool":2,"minecraft:bone":6,"minecraft:gravel":1,"minecraft:purpur_block":1,"minecraft:goat_horn":2,"minecraft:silverfish_spawn_egg":64,"minecraft:mangrove_roots":1,"minecraft:diamond_block":73,"minecraft:tinted_glass":5,"minecraft:pig_spawn_egg":1,"minecraft:black_carpet":1,"minecraft:netherite_sword":1,"minecraft:yellow_wool":3,"minecraft:obsidian":1,"minecraft:blue_wool":2,"minecraft:rotten_flesh":3,"minecraft:birch_wood":3,"minecraft:end_stone":1,"minecraft:quartz_bricks":1,"minecraft:mycelium":1,"minecraft:mangrove_sign":3,"minecraft:mushroom_stem":15,"minecraft:blue_stained_glass":1,"minecraft:black_glazed_terracotta":2,"minecraft:chiseled_stone_bricks":11,"minecraft:sea_lantern":2,"minecraft:deepslate_tiles":6,"minecraft:reinforced_deepslate":1,"minecraft:heavy_weighted_pressure_plate":27,"minecraft:ochre_froglight":1,"minecraft:quartz_block":11,"minecraft:hopper":1,"minecraft:ladder":3,"minecraft:chest":4,"minecraft:iron_ore":65,"minecraft:birch_button":1,"minecraft:arrow":9,"minecraft:end_stone_bricks":131,"minecraft:glass":2,"minecraft:podzol":1,"minecraft:prismarine_bricks":11,"minecraft:crying_obsidian":3,"minecraft:polished_granite":1,"minecraft:splash_potion":1,"minecraft:green_stained_glass":1,"minecraft:netherrack":2,"minecraft:crimson_planks":1,"minecraft:water_bucket":2,"minecraft:netherite_pickaxe":1,"minecraft:birch_leaves":1,"minecraft:deepslate_iron_ore":1,"minecraft:mossy_cobblestone":1,"minecraft:smooth_quartz_stairs":1,"minecraft:bookshelf":1,"minecraft:yellow_concrete":1,"minecraft:netherite_axe":1,"minecraft:oak_fence":1,"minecraft:barrier":10,"minecraft:frogspawn":1,"minecraft:command_block":106,"minecraft:red_stained_glass":3,"minecraft:light_blue_concrete_powder":64,"minecraft:grass_block":21,"minecraft:yellow_carpet":1,"minecraft:coal_block":2,"minecraft:polished_andesite":5,"minecraft:end_rod":1,"minecraft:lava_bucket":5,"minecraft:cobweb":3,"minecraft:iron_block":3,"minecraft:black_candle":2,"minecraft:pearlescent_froglight":4,"minecraft:sculk":1,"minecraft:diorite":3,"minecraft:smooth_red_sandstone":3,"minecraft:light_blue_stained_glass":2,"minecraft:torch":6,"minecraft:sculk_catalyst":2,"minecraft:repeater":76,"minecraft:wooden_axe":8,"minecraft:white_concrete":2,"minecraft:smooth_quartz":7,"minecraft:light_gray_stained_glass":1,"minecraft:crimson_sign":2,"minecraft:wither_rose":1,"minecraft:red_dye":2,"minecraft:trapped_chest":4,"minecraft:redstone_block":2,"minecraft:redstone":86,"minecraft:polished_deepslate":71,"minecraft:red_concrete":73,"minecraft:anvil":58,"minecraft:soul_torch":9,"minecraft:coarse_dirt":1,"minecraft:gray_glazed_terracotta":2,"minecraft:deepslate":2,"minecraft:sticky_piston":2,"minecraft:raw_iron":18,"minecraft:white_carpet":1,"minecraft:villager_spawn_egg":1,"minecraft:slime_block":15,"minecraft:stone_slab":1,"minecraft:name_tag":2,"minecraft:light_gray_concrete":3,"minecraft:light_blue_concrete":11,"minecraft:oak_sign":6,"minecraft:shulker_box":1,"minecraft:glass_pane":64,"minecraft:red_terracotta":2,"minecraft:flint_and_steel":4,"minecraft:target":1,"minecraft:hay_block":1,"minecraft:stone":4,"minecraft:crimson_slab":2,"minecraft:andesite":2,"minecraft:light_blue_carpet":1,"minecraft:cat_spawn_egg":64,"minecraft:small_dripleaf":1,"minecraft:redstone_torch":8,"minecraft:stone_pressure_plate":8,"minecraft:barrel":1,"minecraft:birch_sign":8,"minecraft:bamboo":2,"minecraft:sandstone":2,"minecraft:bow":4,"minecraft:purple_shulker_box":1,"minecraft:stone_pickaxe":1,"minecraft:wooden_pickaxe":10,"minecraft:cracked_deepslate_bricks":1,"minecraft:calcite":16,"minecraft:crimson_hyphae":9,"minecraft:white_stained_glass":7,"minecraft:cyan_concrete_powder":1,"minecraft:black_wool":2,"minecraft:quartz_slab":3},"minecraft:picked_up":{"minecraft:wooden_axe":9,"minecraft:black_carpet":1,"minecraft:light_blue_concrete":6,"minecraft:redstone_block":1,"minecraft:anvil":134,"minecraft:lead":3,"minecraft:wither_rose":2,"minecraft:birch_button":3,"minecraft:stone_brick_stairs":2,"minecraft:polished_deepslate":1,"minecraft:sticky_piston":1,"minecraft:oak_sign":13,"minecraft:deepslate_tiles":2,"minecraft:comparator":3456,"minecraft:light_weighted_pressure_plate":1,"minecraft:redstone_torch":13,"minecraft:calcite":8,"minecraft:smooth_quartz":68,"minecraft:big_dripleaf":106,"minecraft:torch":42,"minecraft:porkchop":13,"minecraft:target":1,"minecraft:diorite":2,"minecraft:blue_stained_glass":1,"minecraft:quartz_block":2,"minecraft:command_block":26,"minecraft:rotten_flesh":26,"minecraft:iron_block":2,"minecraft:end_rod":1,"minecraft:bookshelf":2,"minecraft:cobblestone":15,"minecraft:crimson_hyphae":6,"minecraft:barrier":7,"minecraft:repeater":8547,"minecraft:iron_door":1,"minecraft:andesite":1,"minecraft:prismarine_bricks":6,"minecraft:cyan_concrete_powder":1,"minecraft:dirt":7,"minecraft:lantern":11,"minecraft:name_tag":1,"minecraft:glass":2,"minecraft:bone":125,"minecraft:bow":6,"minecraft:small_dripleaf":1,"minecraft:bamboo":1,"minecraft:moss_block":4,"minecraft:grass_block":8,"minecraft:diamond_block":2,"minecraft:oxidized_cut_copper_slab":1,"minecraft:shulker_box":1,"minecraft:red_terracotta":2,"minecraft:quartz_bricks":1,"minecraft:polished_andesite":2,"minecraft:yellow_carpet":1,"minecraft:slime_block":10,"minecraft:white_concrete":4,"minecraft:end_stone_bricks":3,"minecraft:ladder":5,"minecraft:redstone_lamp":2,"minecraft:brown_mushroom":2,"minecraft:packed_ice":1,"minecraft:heavy_weighted_pressure_plate":25,"minecraft:flint_and_steel":1,"minecraft:white_stained_glass":1,"minecraft:white_carpet":1,"minecraft:beef":9,"minecraft:tinted_glass":2,"minecraft:chest":2,"minecraft:quartz_stairs":64,"minecraft:raw_iron":18,"minecraft:quartz_pillar":66,"minecraft:stone_button":9,"minecraft:mangrove_sign":3,"minecraft:mushroom_stem":3,"minecraft:redstone":350,"minecraft:netherite_pickaxe":1,"minecraft:stone_pressure_plate":10,"minecraft:arrow":119,"minecraft:repeating_command_block":4,"minecraft:hay_block":2,"minecraft:smooth_red_sandstone":2,"minecraft:leather":5,"minecraft:red_mushroom":1,"minecraft:gunpowder":3,"minecraft:pearlescent_froglight":1,"minecraft:iron_ingot":1,"minecraft:cobweb":4,"minecraft:mangrove_planks":1,"minecraft:verdant_froglight":2,"minecraft:sculk_catalyst":8,"minecraft:milk_bucket":2,"minecraft:black_candle":70,"minecraft:light_gray_stained_glass":1,"minecraft:chiseled_stone_bricks":15,"minecraft:yellow_concrete":1,"minecraft:soul_torch":9,"minecraft:light_blue_stained_glass":1,"minecraft:crying_obsidian":1,"minecraft:red_stained_glass":2,"minecraft:slime_ball":4,"minecraft:birch_sign":8,"minecraft:black_wool":1,"minecraft:red_concrete":4,"minecraft:sunflower":3456}},"DataVersion":3117}